"siteName","date","pm25"
"Long Beach-Route 710 Near Road",2022-01-01,27.4
"Long Beach-Route 710 Near Road",2022-01-02,8.1
"Long Beach-Route 710 Near Road",2022-01-03,13.2
"Long Beach-Route 710 Near Road",2022-01-04,18
"Long Beach-Route 710 Near Road",2022-01-05,28.1
"Long Beach-Route 710 Near Road",2022-01-06,24.7
"Long Beach-Route 710 Near Road",2022-01-08,21.7
"Long Beach-Route 710 Near Road",2022-01-09,21.2
"Long Beach-Route 710 Near Road",2022-01-10,9.2
"Long Beach-Route 710 Near Road",2022-01-11,11.7
"Long Beach-Route 710 Near Road",2022-01-12,13.2
"Long Beach-Route 710 Near Road",2022-01-13,23
"Long Beach-Route 710 Near Road",2022-01-14,25.5
"Long Beach-Route 710 Near Road",2022-01-15,18.5
"Long Beach-Route 710 Near Road",2022-01-16,10.2
"Long Beach-Route 710 Near Road",2022-01-17,8.8
"Long Beach-Route 710 Near Road",2022-01-18,9.2
"Long Beach-Route 710 Near Road",2022-01-19,23
"Long Beach-Route 710 Near Road",2022-01-20,14.7
"Long Beach-Route 710 Near Road",2022-01-21,12.6
"Long Beach-Route 710 Near Road",2022-01-22,8.1
"Long Beach-Route 710 Near Road",2022-01-23,15
"Long Beach-Route 710 Near Road",2022-01-24,14.3
"Long Beach-Route 710 Near Road",2022-01-25,15.8
"Long Beach-Route 710 Near Road",2022-01-26,15.4
"Long Beach-Route 710 Near Road",2022-01-27,14.1
"Long Beach-Route 710 Near Road",2022-01-28,10.1
"Long Beach-Route 710 Near Road",2022-01-29,10.2
"Long Beach-Route 710 Near Road",2022-01-30,22.7
"Long Beach-Route 710 Near Road",2022-01-31,22.1
"Long Beach-Route 710 Near Road",2022-02-01,18.6
"Long Beach-Route 710 Near Road",2022-02-02,14.7
"Long Beach-Route 710 Near Road",2022-02-03,13.9
"Long Beach-Route 710 Near Road",2022-02-04,15.7
"Long Beach-Route 710 Near Road",2022-02-05,10.5
"Long Beach-Route 710 Near Road",2022-02-06,19.6
"Long Beach-Route 710 Near Road",2022-02-07,13.9
"Long Beach-Route 710 Near Road",2022-02-08,11.9
"Long Beach-Route 710 Near Road",2022-02-09,16
"Long Beach-Route 710 Near Road",2022-02-10,14.8
"Long Beach-Route 710 Near Road",2022-02-11,14.6
"Long Beach-Route 710 Near Road",2022-02-12,15.7
"Long Beach-Route 710 Near Road",2022-02-13,12.1
"Long Beach-Route 710 Near Road",2022-02-14,17.7
"Long Beach-Route 710 Near Road",2022-02-15,8
"Long Beach-Route 710 Near Road",2022-02-16,8.1
"Long Beach-Route 710 Near Road",2022-02-17,9.7
"Long Beach-Route 710 Near Road",2022-02-18,11.9
"Long Beach-Route 710 Near Road",2022-02-19,14.3
"Long Beach-Route 710 Near Road",2022-02-20,19.8
"Long Beach-Route 710 Near Road",2022-02-21,11
"Long Beach-Route 710 Near Road",2022-02-22,5.3
"Long Beach-Route 710 Near Road",2022-02-23,4
"Long Beach-Route 710 Near Road",2022-02-24,8.1
"Long Beach-Route 710 Near Road",2022-02-25,11.3
"Long Beach-Route 710 Near Road",2022-02-26,13.1
"Long Beach-Route 710 Near Road",2022-02-27,9.9
"Long Beach-Route 710 Near Road",2022-02-28,14.4
"Long Beach-Route 710 Near Road",2022-03-01,14.3
"Long Beach-Route 710 Near Road",2022-03-02,12.8
"Long Beach-Route 710 Near Road",2022-03-03,13.4
"Long Beach-Route 710 Near Road",2022-03-04,5.2
"Long Beach-Route 710 Near Road",2022-03-05,6.7
"Long Beach-Route 710 Near Road",2022-03-06,7.7
"Long Beach-Route 710 Near Road",2022-03-07,10.5
"Long Beach-Route 710 Near Road",2022-03-08,11
"Long Beach-Route 710 Near Road",2022-03-09,9.2
"Long Beach-Route 710 Near Road",2022-03-10,12.1
"Long Beach-Route 710 Near Road",2022-03-11,12.4
"Long Beach-Route 710 Near Road",2022-03-12,9.9
"Long Beach-Route 710 Near Road",2022-03-13,10.9
"Long Beach-Route 710 Near Road",2022-03-14,11
"Long Beach-Route 710 Near Road",2022-03-15,11.8
"Long Beach-Route 710 Near Road",2022-03-16,10.4
"Long Beach-Route 710 Near Road",2022-03-17,13.1
"Long Beach-Route 710 Near Road",2022-03-18,15.4
"Long Beach-Route 710 Near Road",2022-03-19,10.7
"Long Beach-Route 710 Near Road",2022-03-20,5.8
"Long Beach-Route 710 Near Road",2022-03-21,12.1
"Long Beach-Route 710 Near Road",2022-03-22,13.3
"Long Beach-Route 710 Near Road",2022-03-23,10.8
"Long Beach-Route 710 Near Road",2022-03-24,11.9
"Long Beach-Route 710 Near Road",2022-03-25,13.9
"Long Beach-Route 710 Near Road",2022-03-26,16.9
"Long Beach-Route 710 Near Road",2022-03-27,6.7
"Long Beach-Route 710 Near Road",2022-03-28,5.2
"Long Beach-Route 710 Near Road",2022-03-29,6.7
"Long Beach-Route 710 Near Road",2022-03-30,9.2
"Long Beach-Route 710 Near Road",2022-03-31,8.8
"Long Beach-Route 710 Near Road",2022-04-01,13.4
"Long Beach-Route 710 Near Road",2022-04-02,12.8
"Long Beach-Route 710 Near Road",2022-04-03,8.6
"Long Beach-Route 710 Near Road",2022-04-04,12.3
"Long Beach-Route 710 Near Road",2022-04-05,11.2
"Long Beach-Route 710 Near Road",2022-04-06,14.2
"Long Beach-Route 710 Near Road",2022-04-07,13.4
"Long Beach-Route 710 Near Road",2022-04-08,13.2
"Long Beach-Route 710 Near Road",2022-04-09,18.9
"Long Beach-Route 710 Near Road",2022-04-10,17.5
"Long Beach-Route 710 Near Road",2022-04-11,13.1
"Long Beach-Route 710 Near Road",2022-04-12,7
"Long Beach-Route 710 Near Road",2022-04-13,8.5
"Long Beach-Route 710 Near Road",2022-04-14,10.2
"Long Beach-Route 710 Near Road",2022-04-15,9.3
"Long Beach-Route 710 Near Road",2022-04-16,6
"Long Beach-Route 710 Near Road",2022-04-17,6.6
"Long Beach-Route 710 Near Road",2022-04-18,10.1
"Long Beach-Route 710 Near Road",2022-04-19,8
"Long Beach-Route 710 Near Road",2022-04-20,6
"Long Beach-Route 710 Near Road",2022-04-21,6.2
"Long Beach-Route 710 Near Road",2022-04-22,7
"Long Beach-Route 710 Near Road",2022-04-23,10
"Long Beach-Route 710 Near Road",2022-04-24,9.1
"Long Beach-Route 710 Near Road",2022-04-25,11.3
"Long Beach-Route 710 Near Road",2022-04-26,14.3
"Long Beach-Route 710 Near Road",2022-04-27,16.1
"Long Beach-Route 710 Near Road",2022-04-28,13.9
"Long Beach-Route 710 Near Road",2022-04-29,14.3
"Long Beach-Route 710 Near Road",2022-04-30,14
"Long Beach-Route 710 Near Road",2022-05-01,13.4
"Long Beach-Route 710 Near Road",2022-05-02,12.3
"Long Beach-Route 710 Near Road",2022-05-03,11.8
"Long Beach-Route 710 Near Road",2022-05-04,14.9
"Long Beach-Route 710 Near Road",2022-05-05,14.9
"Long Beach-Route 710 Near Road",2022-05-06,13
"Long Beach-Route 710 Near Road",2022-05-07,9.7
"Long Beach-Route 710 Near Road",2022-05-08,10.2
"Long Beach-Route 710 Near Road",2022-05-09,10.5
"Long Beach-Route 710 Near Road",2022-05-10,8.3
"Long Beach-Route 710 Near Road",2022-05-11,8.1
"Long Beach-Route 710 Near Road",2022-05-12,9.8
"Long Beach-Route 710 Near Road",2022-05-13,11.5
"Long Beach-Route 710 Near Road",2022-05-14,10.4
"Long Beach-Route 710 Near Road",2022-05-15,10.8
"Long Beach-Route 710 Near Road",2022-05-16,12.2
"Long Beach-Route 710 Near Road",2022-05-17,10.4
"Long Beach-Route 710 Near Road",2022-05-18,12.2
"Long Beach-Route 710 Near Road",2022-05-19,9.3
"Long Beach-Route 710 Near Road",2022-05-20,4.7
"Long Beach-Route 710 Near Road",2022-05-21,6.8
"Long Beach-Route 710 Near Road",2022-05-22,12.4
"Long Beach-Route 710 Near Road",2022-05-23,12.2
"Long Beach-Route 710 Near Road",2022-05-24,13.5
"Long Beach-Route 710 Near Road",2022-05-25,17.4
"Long Beach-Route 710 Near Road",2022-05-26,10.4
"Long Beach-Route 710 Near Road",2022-05-27,7.9
"Long Beach-Route 710 Near Road",2022-05-28,6.4
"Long Beach-Route 710 Near Road",2022-05-29,7.2
"Long Beach-Route 710 Near Road",2022-05-30,12
"Long Beach-Route 710 Near Road",2022-05-31,15.6
"Long Beach-Route 710 Near Road",2022-06-01,16.1
"Long Beach-Route 710 Near Road",2022-06-02,15.7
"Long Beach-Route 710 Near Road",2022-06-03,12.7
"Long Beach-Route 710 Near Road",2022-06-04,6.6
"Long Beach-Route 710 Near Road",2022-06-05,6
"Long Beach-Route 710 Near Road",2022-06-06,6
"Long Beach-Route 710 Near Road",2022-06-07,8
"Long Beach-Route 710 Near Road",2022-06-08,9.8
"Long Beach-Route 710 Near Road",2022-06-09,10.5
"Long Beach-Route 710 Near Road",2022-06-10,11.8
"Long Beach-Route 710 Near Road",2022-06-11,10.2
"Long Beach-Route 710 Near Road",2022-06-12,7.1
"Long Beach-Route 710 Near Road",2022-06-13,5.1
"Long Beach-Route 710 Near Road",2022-06-14,11.4
"Long Beach-Route 710 Near Road",2022-06-15,15
"Long Beach-Route 710 Near Road",2022-06-17,10.1
"Long Beach-Route 710 Near Road",2022-06-18,7.5
"Long Beach-Route 710 Near Road",2022-06-19,9
"Long Beach-Route 710 Near Road",2022-06-20,13.9
"Long Beach-Route 710 Near Road",2022-06-21,14.1
"Long Beach-Route 710 Near Road",2022-06-22,15.8
"Long Beach-Route 710 Near Road",2022-06-23,13.3
"Long Beach-Route 710 Near Road",2022-06-24,11.8
"Long Beach-Route 710 Near Road",2022-06-25,11.3
"Long Beach-Route 710 Near Road",2022-06-26,13.6
"Long Beach-Route 710 Near Road",2022-06-27,13.8
"Long Beach-Route 710 Near Road",2022-06-28,11.5
"Long Beach-Route 710 Near Road",2022-06-29,12.8
"Long Beach-Route 710 Near Road",2022-06-30,12.5
"Long Beach-Route 710 Near Road",2022-07-01,11.7
"Long Beach-Route 710 Near Road",2022-07-02,11
"Long Beach-Route 710 Near Road",2022-07-03,7.7
"Long Beach-Route 710 Near Road",2022-07-04,13.9
"Long Beach-Route 710 Near Road",2022-07-05,8
"Long Beach-Route 710 Near Road",2022-07-06,4.9
"Long Beach-Route 710 Near Road",2022-07-07,6.5
"Long Beach-Route 710 Near Road",2022-07-08,7.9
"Long Beach-Route 710 Near Road",2022-07-09,8.7
"Long Beach-Route 710 Near Road",2022-07-10,8.5
"Long Beach-Route 710 Near Road",2022-07-11,11.5
"Long Beach-Route 710 Near Road",2022-07-12,8.1
"Long Beach-Route 710 Near Road",2022-07-13,6.5
"Long Beach-Route 710 Near Road",2022-07-14,6.3
"Long Beach-Route 710 Near Road",2022-07-15,10.3
"Long Beach-Route 710 Near Road",2022-07-16,11.5
"Long Beach-Route 710 Near Road",2022-07-17,10.2
"Long Beach-Route 710 Near Road",2022-07-18,8.7
"Long Beach-Route 710 Near Road",2022-07-19,10.3
"Long Beach-Route 710 Near Road",2022-07-20,9.8
"Long Beach-Route 710 Near Road",2022-07-21,10.4
"Long Beach-Route 710 Near Road",2022-07-22,10
"Long Beach-Route 710 Near Road",2022-07-23,11.2
"Long Beach-Route 710 Near Road",2022-07-24,11.2
"Long Beach-Route 710 Near Road",2022-07-25,8.8
"Long Beach-Route 710 Near Road",2022-07-26,9.4
"Long Beach-Route 710 Near Road",2022-07-27,9.7
"Long Beach-Route 710 Near Road",2022-07-28,7.2
"Long Beach-Route 710 Near Road",2022-07-29,5.8
"Long Beach-Route 710 Near Road",2022-07-30,5.7
"Long Beach-Route 710 Near Road",2022-07-31,5.5
"Long Beach-Route 710 Near Road",2022-08-01,7.9
"Long Beach-Route 710 Near Road",2022-08-02,7.2
"Long Beach-Route 710 Near Road",2022-08-03,9.2
"Long Beach-Route 710 Near Road",2022-08-04,9.4
"Long Beach-Route 710 Near Road",2022-08-05,7.6
"Long Beach-Route 710 Near Road",2022-08-06,7.5
"Long Beach-Route 710 Near Road",2022-08-07,9.2
"Long Beach-Route 710 Near Road",2022-08-08,10.2
"Long Beach-Route 710 Near Road",2022-08-09,9.7
"Long Beach-Route 710 Near Road",2022-08-10,9.7
"Long Beach-Route 710 Near Road",2022-08-11,9.2
"Long Beach-Route 710 Near Road",2022-08-12,12.4
"Long Beach-Route 710 Near Road",2022-08-13,14.2
"Long Beach-Route 710 Near Road",2022-08-14,12.2
"Long Beach-Route 710 Near Road",2022-08-15,15.6
"Long Beach-Route 710 Near Road",2022-08-16,14.3
"Long Beach-Route 710 Near Road",2022-08-17,9.2
"Long Beach-Route 710 Near Road",2022-08-18,9.2
"Long Beach-Route 710 Near Road",2022-08-19,10.1
"Long Beach-Route 710 Near Road",2022-08-20,9
"Long Beach-Route 710 Near Road",2022-08-21,7.9
"Long Beach-Route 710 Near Road",2022-08-22,10.1
"Long Beach-Route 710 Near Road",2022-08-23,11.1
"Long Beach-Route 710 Near Road",2022-08-24,7.4
"Long Beach-Route 710 Near Road",2022-08-25,7.4
"Long Beach-Route 710 Near Road",2022-08-26,10.7
"Long Beach-Route 710 Near Road",2022-08-27,6.4
"Long Beach-Route 710 Near Road",2022-08-28,5.7
"Long Beach-Route 710 Near Road",2022-08-29,10.2
"Long Beach-Route 710 Near Road",2022-08-30,13.8
"Long Beach-Route 710 Near Road",2022-08-31,15.8
"Long Beach-Route 710 Near Road",2022-09-01,15
"Long Beach-Route 710 Near Road",2022-09-02,14.4
"Long Beach-Route 710 Near Road",2022-09-03,15.1
"Long Beach-Route 710 Near Road",2022-09-04,11.8
"Long Beach-Route 710 Near Road",2022-09-05,8.7
"Long Beach-Route 710 Near Road",2022-09-06,13.1
"Long Beach-Route 710 Near Road",2022-09-07,16.3
"Long Beach-Route 710 Near Road",2022-09-08,14.4
"Long Beach-Route 710 Near Road",2022-09-09,10.3
"Long Beach-Route 710 Near Road",2022-09-10,6.8
"Long Beach-Route 710 Near Road",2022-09-11,3.9
"Long Beach-Route 710 Near Road",2022-09-12,7
"Long Beach-Route 710 Near Road",2022-09-13,13.1
"Long Beach-Route 710 Near Road",2022-09-14,8.9
"Long Beach-Route 710 Near Road",2022-09-16,11
"Long Beach-Route 710 Near Road",2022-09-17,11.2
"Long Beach-Route 710 Near Road",2022-09-18,7.8
"Long Beach-Route 710 Near Road",2022-09-19,5.2
"Long Beach-Route 710 Near Road",2022-09-20,4.9
"Long Beach-Route 710 Near Road",2022-09-21,6.6
"Long Beach-Route 710 Near Road",2022-09-22,9
"Long Beach-Route 710 Near Road",2022-09-23,10.5
"Long Beach-Route 710 Near Road",2022-09-24,9.1
"Long Beach-Route 710 Near Road",2022-09-25,10.4
"Long Beach-Route 710 Near Road",2022-09-26,12
"Long Beach-Route 710 Near Road",2022-09-27,14.2
"Long Beach-Route 710 Near Road",2022-09-28,12.6
"Long Beach-Route 710 Near Road",2022-09-29,13.8
"Long Beach-Route 710 Near Road",2022-09-30,9.3
"Long Beach-Route 710 Near Road",2022-10-01,8
"Long Beach-Route 710 Near Road",2022-10-02,11.7
"Long Beach-Route 710 Near Road",2022-10-03,12.1
"Long Beach-Route 710 Near Road",2022-10-04,13.1
"Long Beach-Route 710 Near Road",2022-10-05,16.7
"Long Beach-Route 710 Near Road",2022-10-06,14.3
"Long Beach-Route 710 Near Road",2022-10-07,19.3
"Long Beach-Route 710 Near Road",2022-10-08,20
"Long Beach-Route 710 Near Road",2022-10-09,17.4
"Long Beach-Route 710 Near Road",2022-10-10,13
"Long Beach-Route 710 Near Road",2022-10-11,11.5
"Long Beach-Route 710 Near Road",2022-10-12,12.1
"Long Beach-Route 710 Near Road",2022-10-13,20.2
"Long Beach-Route 710 Near Road",2022-10-14,8
"Long Beach-Route 710 Near Road",2022-10-15,5.5
"Long Beach-Route 710 Near Road",2022-10-16,7.1
"Long Beach-Route 710 Near Road",2022-10-17,13.8
"Long Beach-Route 710 Near Road",2022-10-18,16.4
"Long Beach-Route 710 Near Road",2022-10-19,15.4
"Long Beach-Route 710 Near Road",2022-10-20,13.6
"Long Beach-Route 710 Near Road",2022-10-21,10.4
"Long Beach-Route 710 Near Road",2022-10-22,11.7
"Long Beach-Route 710 Near Road",2022-10-23,9.3
"Long Beach-Route 710 Near Road",2022-10-24,11.1
"Long Beach-Route 710 Near Road",2022-10-25,13.3
"Long Beach-Route 710 Near Road",2022-10-26,12.3
"Long Beach-Route 710 Near Road",2022-10-27,15.2
"Long Beach-Route 710 Near Road",2022-10-28,19.2
"Long Beach-Route 710 Near Road",2022-10-29,19.4
"Long Beach-Route 710 Near Road",2022-10-30,17.9
"Long Beach-Route 710 Near Road",2022-10-31,19.2
"Long Beach-Route 710 Near Road",2022-11-01,13.5
"Long Beach-Route 710 Near Road",2022-11-02,7.8
"Long Beach-Route 710 Near Road",2022-11-03,7.6
"Long Beach-Route 710 Near Road",2022-11-04,11.5
"Long Beach-Route 710 Near Road",2022-11-05,16.4
"Long Beach-Route 710 Near Road",2022-11-06,16.5
"Long Beach-Route 710 Near Road",2022-11-07,7.1
"Long Beach-Route 710 Near Road",2022-11-08,5.2
"Long Beach-Route 710 Near Road",2022-11-09,7.8
"Long Beach-Route 710 Near Road",2022-11-10,13.1
"Long Beach-Route 710 Near Road",2022-11-11,14.8
"Long Beach-Route 710 Near Road",2022-11-12,18.4
"Long Beach-Route 710 Near Road",2022-11-13,14.6
"Long Beach-Route 710 Near Road",2022-11-14,16.6
"Long Beach-Route 710 Near Road",2022-11-15,19.2
"Long Beach-Route 710 Near Road",2022-11-16,21
"Long Beach-Route 710 Near Road",2022-11-17,16.6
"Long Beach-Route 710 Near Road",2022-11-18,18
"Long Beach-Route 710 Near Road",2022-11-19,22.2
"Long Beach-Route 710 Near Road",2022-11-20,12.1
"Long Beach-Route 710 Near Road",2022-11-21,11.8
"Long Beach-Route 710 Near Road",2022-11-22,16.5
"Long Beach-Route 710 Near Road",2022-11-23,27
"Long Beach-Route 710 Near Road",2022-11-24,33.1
"Long Beach-Route 710 Near Road",2022-11-25,20.1
"Long Beach-Route 710 Near Road",2022-11-26,21
"Long Beach-Route 710 Near Road",2022-11-27,24.1
"Long Beach-Route 710 Near Road",2022-11-28,12.5
"Long Beach-Route 710 Near Road",2022-11-29,11.7
"Long Beach-Route 710 Near Road",2022-11-30,10.3
"Long Beach-Route 710 Near Road",2022-12-01,6.1
"Long Beach-Route 710 Near Road",2022-12-02,6.4
"Long Beach-Route 710 Near Road",2022-12-03,11.6
"Long Beach-Route 710 Near Road",2022-12-04,13.2
"Long Beach-Route 710 Near Road",2022-12-05,7.8
"Long Beach-Route 710 Near Road",2022-12-06,8.2
"Long Beach-Route 710 Near Road",2022-12-07,16.2
"Long Beach-Route 710 Near Road",2022-12-08,15.3
"Long Beach-Route 710 Near Road",2022-12-09,19.6
"Long Beach-Route 710 Near Road",2022-12-10,15.1
"Long Beach-Route 710 Near Road",2022-12-11,5.3
"Long Beach-Route 710 Near Road",2022-12-12,9.1
"Long Beach-Route 710 Near Road",2022-12-13,14.1
"Long Beach-Route 710 Near Road",2022-12-14,19.6
"Long Beach-Route 710 Near Road",2022-12-15,23.2
"Long Beach-Route 710 Near Road",2022-12-16,14.3
"Long Beach-Route 710 Near Road",2022-12-17,13.7
"Long Beach-Route 710 Near Road",2022-12-18,24.9
"Long Beach-Route 710 Near Road",2022-12-19,33.2
"Long Beach-Route 710 Near Road",2022-12-20,22.2
"Long Beach-Route 710 Near Road",2022-12-21,23.4
"Long Beach-Route 710 Near Road",2022-12-22,28.3
"Long Beach-Route 710 Near Road",2022-12-23,30.2
"Long Beach-Route 710 Near Road",2022-12-24,41.8
"Long Beach-Route 710 Near Road",2022-12-25,26.8
"Long Beach-Route 710 Near Road",2022-12-26,22.9
"Long Beach-Route 710 Near Road",2022-12-27,20
"Long Beach-Route 710 Near Road",2022-12-28,11.1
"Long Beach-Route 710 Near Road",2022-12-29,10
"Long Beach-Route 710 Near Road",2022-12-30,5.4
"Long Beach-Route 710 Near Road",2022-12-31,3.8
"Long Beach-Route 710 Near Road",2019-01-01,12.8
"Long Beach-Route 710 Near Road",2019-01-02,18.8
"Long Beach-Route 710 Near Road",2019-01-03,14.7
"Long Beach-Route 710 Near Road",2019-01-04,25.1
"Long Beach-Route 710 Near Road",2019-01-05,24
"Long Beach-Route 710 Near Road",2019-01-06,11
"Long Beach-Route 710 Near Road",2019-01-07,9
"Long Beach-Route 710 Near Road",2019-01-08,11.9
"Long Beach-Route 710 Near Road",2019-01-09,21
"Long Beach-Route 710 Near Road",2019-01-10,17.7
"Long Beach-Route 710 Near Road",2019-01-11,30.9
"Long Beach-Route 710 Near Road",2019-01-12,10.1
"Long Beach-Route 710 Near Road",2019-01-13,17.1
"Long Beach-Route 710 Near Road",2019-01-14,8
"Long Beach-Route 710 Near Road",2019-01-15,6.1
"Long Beach-Route 710 Near Road",2019-01-16,2.9
"Long Beach-Route 710 Near Road",2019-01-17,5
"Long Beach-Route 710 Near Road",2019-01-18,13
"Long Beach-Route 710 Near Road",2019-01-19,11.9
"Long Beach-Route 710 Near Road",2019-01-20,7.5
"Long Beach-Route 710 Near Road",2019-01-21,3.8
"Long Beach-Route 710 Near Road",2019-01-22,10.5
"Long Beach-Route 710 Near Road",2019-01-23,12.5
"Long Beach-Route 710 Near Road",2019-01-24,14.3
"Long Beach-Route 710 Near Road",2019-01-25,10.9
"Long Beach-Route 710 Near Road",2019-01-26,14.6
"Long Beach-Route 710 Near Road",2019-01-27,22.3
"Long Beach-Route 710 Near Road",2019-01-28,34.7
"Long Beach-Route 710 Near Road",2019-01-29,26.4
"Long Beach-Route 710 Near Road",2019-01-30,17.1
"Long Beach-Route 710 Near Road",2019-01-31,12.9
"Long Beach-Route 710 Near Road",2019-02-01,7.2
"Long Beach-Route 710 Near Road",2019-02-02,5.9
"Long Beach-Route 710 Near Road",2019-02-03,7
"Long Beach-Route 710 Near Road",2019-02-04,4.5
"Long Beach-Route 710 Near Road",2019-02-05,4.3
"Long Beach-Route 710 Near Road",2019-02-06,4.4
"Long Beach-Route 710 Near Road",2019-02-07,11.7
"Long Beach-Route 710 Near Road",2019-02-08,13.7
"Long Beach-Route 710 Near Road",2019-02-09,11.8
"Long Beach-Route 710 Near Road",2019-02-10,5.9
"Long Beach-Route 710 Near Road",2019-02-11,8
"Long Beach-Route 710 Near Road",2019-02-12,10.6
"Long Beach-Route 710 Near Road",2019-02-13,7.5
"Long Beach-Route 710 Near Road",2019-02-14,5.2
"Long Beach-Route 710 Near Road",2019-02-15,6.8
"Long Beach-Route 710 Near Road",2019-02-16,3.9
"Long Beach-Route 710 Near Road",2019-02-17,3.4
"Long Beach-Route 710 Near Road",2019-02-18,3.7
"Long Beach-Route 710 Near Road",2019-02-19,7.7
"Long Beach-Route 710 Near Road",2019-02-20,8.7
"Long Beach-Route 710 Near Road",2019-02-21,9.1
"Long Beach-Route 710 Near Road",2019-02-22,9.7
"Long Beach-Route 710 Near Road",2019-02-23,9.1
"Long Beach-Route 710 Near Road",2019-02-24,13.9
"Long Beach-Route 710 Near Road",2019-02-25,11.9
"Long Beach-Route 710 Near Road",2019-02-26,14.3
"Long Beach-Route 710 Near Road",2019-02-27,8.2
"Long Beach-Route 710 Near Road",2019-02-28,8.3
"Long Beach-Route 710 Near Road",2019-03-01,10.2
"Long Beach-Route 710 Near Road",2019-03-02,4.3
"Long Beach-Route 710 Near Road",2019-03-03,2.3
"Long Beach-Route 710 Near Road",2019-03-04,5.2
"Long Beach-Route 710 Near Road",2019-03-05,14.4
"Long Beach-Route 710 Near Road",2019-03-06,8.3
"Long Beach-Route 710 Near Road",2019-03-07,5.6
"Long Beach-Route 710 Near Road",2019-03-08,4.8
"Long Beach-Route 710 Near Road",2019-03-09,3.9
"Long Beach-Route 710 Near Road",2019-03-10,6
"Long Beach-Route 710 Near Road",2019-03-11,9
"Long Beach-Route 710 Near Road",2019-03-12,8.2
"Long Beach-Route 710 Near Road",2019-03-13,10.1
"Long Beach-Route 710 Near Road",2019-03-14,8
"Long Beach-Route 710 Near Road",2019-03-15,7.6
"Long Beach-Route 710 Near Road",2019-03-16,11.1
"Long Beach-Route 710 Near Road",2019-03-17,9.4
"Long Beach-Route 710 Near Road",2019-03-18,10
"Long Beach-Route 710 Near Road",2019-03-19,11.4
"Long Beach-Route 710 Near Road",2019-03-20,6.8
"Long Beach-Route 710 Near Road",2019-03-21,4.9
"Long Beach-Route 710 Near Road",2019-03-22,7.5
"Long Beach-Route 710 Near Road",2019-03-23,6.4
"Long Beach-Route 710 Near Road",2019-03-24,8.9
"Long Beach-Route 710 Near Road",2019-03-25,11.9
"Long Beach-Route 710 Near Road",2019-03-26,11.1
"Long Beach-Route 710 Near Road",2019-03-27,5.2
"Long Beach-Route 710 Near Road",2019-03-28,5.7
"Long Beach-Route 710 Near Road",2019-03-29,10
"Long Beach-Route 710 Near Road",2019-03-30,11.1
"Long Beach-Route 710 Near Road",2019-03-31,12.1
"Long Beach-Route 710 Near Road",2019-04-01,11.5
"Long Beach-Route 710 Near Road",2019-04-02,7.7
"Long Beach-Route 710 Near Road",2019-04-03,3.2
"Long Beach-Route 710 Near Road",2019-04-04,3.5
"Long Beach-Route 710 Near Road",2019-04-05,3.3
"Long Beach-Route 710 Near Road",2019-04-06,4.1
"Long Beach-Route 710 Near Road",2019-04-07,8.6
"Long Beach-Route 710 Near Road",2019-04-08,13.3
"Long Beach-Route 710 Near Road",2019-04-09,10
"Long Beach-Route 710 Near Road",2019-04-10,5.5
"Long Beach-Route 710 Near Road",2019-04-11,12.7
"Long Beach-Route 710 Near Road",2019-04-12,11.3
"Long Beach-Route 710 Near Road",2019-04-13,10.5
"Long Beach-Route 710 Near Road",2019-04-14,9.4
"Long Beach-Route 710 Near Road",2019-04-15,9.7
"Long Beach-Route 710 Near Road",2019-04-16,6.4
"Long Beach-Route 710 Near Road",2019-04-17,9.1
"Long Beach-Route 710 Near Road",2019-04-18,12.7
"Long Beach-Route 710 Near Road",2019-04-19,15.8
"Long Beach-Route 710 Near Road",2019-04-20,7.4
"Long Beach-Route 710 Near Road",2019-04-21,7.1
"Long Beach-Route 710 Near Road",2019-04-22,12
"Long Beach-Route 710 Near Road",2019-04-23,15.2
"Long Beach-Route 710 Near Road",2019-04-24,16
"Long Beach-Route 710 Near Road",2019-04-25,12.3
"Long Beach-Route 710 Near Road",2019-04-26,11
"Long Beach-Route 710 Near Road",2019-04-27,9.2
"Long Beach-Route 710 Near Road",2019-04-28,6.7
"Long Beach-Route 710 Near Road",2019-04-29,8.3
"Long Beach-Route 710 Near Road",2019-04-30,8.2
"Long Beach-Route 710 Near Road",2019-05-01,11
"Long Beach-Route 710 Near Road",2019-05-02,13.5
"Long Beach-Route 710 Near Road",2019-05-03,13.6
"Long Beach-Route 710 Near Road",2019-05-04,14.9
"Long Beach-Route 710 Near Road",2019-05-05,9.8
"Long Beach-Route 710 Near Road",2019-05-06,5.5
"Long Beach-Route 710 Near Road",2019-05-07,4
"Long Beach-Route 710 Near Road",2019-05-08,5.4
"Long Beach-Route 710 Near Road",2019-05-09,2.6
"Long Beach-Route 710 Near Road",2019-05-10,1.7
"Long Beach-Route 710 Near Road",2019-05-11,4.7
"Long Beach-Route 710 Near Road",2019-05-12,7.8
"Long Beach-Route 710 Near Road",2019-05-13,9
"Long Beach-Route 710 Near Road",2019-05-14,11.5
"Long Beach-Route 710 Near Road",2019-05-15,7.3
"Long Beach-Route 710 Near Road",2019-05-16,6
"Long Beach-Route 710 Near Road",2019-05-17,9.3
"Long Beach-Route 710 Near Road",2019-05-18,9.2
"Long Beach-Route 710 Near Road",2019-05-19,4
"Long Beach-Route 710 Near Road",2019-05-20,6
"Long Beach-Route 710 Near Road",2019-05-21,7.8
"Long Beach-Route 710 Near Road",2019-05-22,6.8
"Long Beach-Route 710 Near Road",2019-05-23,8.2
"Long Beach-Route 710 Near Road",2019-05-24,9.3
"Long Beach-Route 710 Near Road",2019-05-25,6.6
"Long Beach-Route 710 Near Road",2019-05-26,5.2
"Long Beach-Route 710 Near Road",2019-05-27,5.6
"Long Beach-Route 710 Near Road",2019-05-28,7.5
"Long Beach-Route 710 Near Road",2019-05-29,9.8
"Long Beach-Route 710 Near Road",2019-05-30,13.2
"Long Beach-Route 710 Near Road",2019-05-31,8.9
"Long Beach-Route 710 Near Road",2019-06-01,5.5
"Long Beach-Route 710 Near Road",2019-06-02,4.6
"Long Beach-Route 710 Near Road",2019-06-03,7.7
"Long Beach-Route 710 Near Road",2019-06-04,6.4
"Long Beach-Route 710 Near Road",2019-06-05,5.2
"Long Beach-Route 710 Near Road",2019-06-06,5.6
"Long Beach-Route 710 Near Road",2019-06-07,5.5
"Long Beach-Route 710 Near Road",2019-06-08,5.7
"Long Beach-Route 710 Near Road",2019-06-09,12.3
"Long Beach-Route 710 Near Road",2019-06-10,11.5
"Long Beach-Route 710 Near Road",2019-06-11,10.4
"Long Beach-Route 710 Near Road",2019-06-12,11.5
"Long Beach-Route 710 Near Road",2019-06-13,12
"Long Beach-Route 710 Near Road",2019-06-15,8
"Long Beach-Route 710 Near Road",2019-06-16,9.4
"Long Beach-Route 710 Near Road",2019-06-17,4.2
"Long Beach-Route 710 Near Road",2019-06-18,6.4
"Long Beach-Route 710 Near Road",2019-06-19,9.1
"Long Beach-Route 710 Near Road",2019-06-20,5
"Long Beach-Route 710 Near Road",2019-06-21,2
"Long Beach-Route 710 Near Road",2019-06-22,6.8
"Long Beach-Route 710 Near Road",2019-06-23,9.8
"Long Beach-Route 710 Near Road",2019-06-24,10
"Long Beach-Route 710 Near Road",2019-06-25,5.6
"Long Beach-Route 710 Near Road",2019-06-26,6.8
"Long Beach-Route 710 Near Road",2019-06-27,8.9
"Long Beach-Route 710 Near Road",2019-06-28,9.6
"Long Beach-Route 710 Near Road",2019-06-29,10.9
"Long Beach-Route 710 Near Road",2019-06-30,10.9
"Long Beach-Route 710 Near Road",2019-07-01,13.2
"Long Beach-Route 710 Near Road",2019-07-02,13
"Long Beach-Route 710 Near Road",2019-07-03,12.4
"Long Beach-Route 710 Near Road",2019-07-04,15.5
"Long Beach-Route 710 Near Road",2019-07-05,13
"Long Beach-Route 710 Near Road",2019-07-06,12
"Long Beach-Route 710 Near Road",2019-07-07,8.9
"Long Beach-Route 710 Near Road",2019-07-08,9.2
"Long Beach-Route 710 Near Road",2019-07-09,11
"Long Beach-Route 710 Near Road",2019-07-10,13.3
"Long Beach-Route 710 Near Road",2019-07-11,12.2
"Long Beach-Route 710 Near Road",2019-07-12,12.3
"Long Beach-Route 710 Near Road",2019-07-13,12
"Long Beach-Route 710 Near Road",2019-07-14,13.4
"Long Beach-Route 710 Near Road",2019-07-15,17.2
"Long Beach-Route 710 Near Road",2019-07-16,13
"Long Beach-Route 710 Near Road",2019-07-17,8.5
"Long Beach-Route 710 Near Road",2019-07-18,11.5
"Long Beach-Route 710 Near Road",2019-07-23,11.1
"Long Beach-Route 710 Near Road",2019-07-24,13.4
"Long Beach-Route 710 Near Road",2019-07-25,15.5
"Long Beach-Route 710 Near Road",2019-07-26,15.8
"Long Beach-Route 710 Near Road",2019-07-27,11.9
"Long Beach-Route 710 Near Road",2019-07-28,10.8
"Long Beach-Route 710 Near Road",2019-07-29,12.1
"Long Beach-Route 710 Near Road",2019-07-30,13
"Long Beach-Route 710 Near Road",2019-07-31,14
"Long Beach-Route 710 Near Road",2019-08-01,11.2
"Long Beach-Route 710 Near Road",2019-08-02,9.2
"Long Beach-Route 710 Near Road",2019-08-03,10.2
"Long Beach-Route 710 Near Road",2019-08-04,11.1
"Long Beach-Route 710 Near Road",2019-08-05,12.5
"Long Beach-Route 710 Near Road",2019-08-06,12.4
"Long Beach-Route 710 Near Road",2019-08-07,12
"Long Beach-Route 710 Near Road",2019-08-08,12.2
"Long Beach-Route 710 Near Road",2019-08-09,9.8
"Long Beach-Route 710 Near Road",2019-08-10,7.6
"Long Beach-Route 710 Near Road",2019-08-11,6.1
"Long Beach-Route 710 Near Road",2019-08-12,8.5
"Long Beach-Route 710 Near Road",2019-08-13,14
"Long Beach-Route 710 Near Road",2019-08-14,12.2
"Long Beach-Route 710 Near Road",2019-08-15,12.7
"Long Beach-Route 710 Near Road",2019-08-16,7.8
"Long Beach-Route 710 Near Road",2019-08-17,5
"Long Beach-Route 710 Near Road",2019-08-18,4.6
"Long Beach-Route 710 Near Road",2019-08-19,7.6
"Long Beach-Route 710 Near Road",2019-08-20,8.5
"Long Beach-Route 710 Near Road",2019-08-21,12
"Long Beach-Route 710 Near Road",2019-08-22,10.4
"Long Beach-Route 710 Near Road",2019-08-23,8.9
"Long Beach-Route 710 Near Road",2019-08-24,9.5
"Long Beach-Route 710 Near Road",2019-08-25,8.8
"Long Beach-Route 710 Near Road",2019-08-26,8.6
"Long Beach-Route 710 Near Road",2019-08-27,9.5
"Long Beach-Route 710 Near Road",2019-08-28,9.3
"Long Beach-Route 710 Near Road",2019-08-29,11.2
"Long Beach-Route 710 Near Road",2019-08-30,10.5
"Long Beach-Route 710 Near Road",2019-08-31,11.3
"Long Beach-Route 710 Near Road",2019-09-01,11
"Long Beach-Route 710 Near Road",2019-09-02,9.5
"Long Beach-Route 710 Near Road",2019-09-03,12.9
"Long Beach-Route 710 Near Road",2019-09-04,12.8
"Long Beach-Route 710 Near Road",2019-09-05,12.4
"Long Beach-Route 710 Near Road",2019-09-06,9.3
"Long Beach-Route 710 Near Road",2019-09-07,9
"Long Beach-Route 710 Near Road",2019-09-08,7.9
"Long Beach-Route 710 Near Road",2019-09-09,9.7
"Long Beach-Route 710 Near Road",2019-09-10,9.2
"Long Beach-Route 710 Near Road",2019-09-11,10.6
"Long Beach-Route 710 Near Road",2019-09-12,12.5
"Long Beach-Route 710 Near Road",2019-09-13,11.3
"Long Beach-Route 710 Near Road",2019-09-14,9.7
"Long Beach-Route 710 Near Road",2019-09-15,12
"Long Beach-Route 710 Near Road",2019-09-16,11
"Long Beach-Route 710 Near Road",2019-09-17,8
"Long Beach-Route 710 Near Road",2019-09-18,8.7
"Long Beach-Route 710 Near Road",2019-09-19,7.5
"Long Beach-Route 710 Near Road",2019-09-20,8.2
"Long Beach-Route 710 Near Road",2019-09-21,10.1
"Long Beach-Route 710 Near Road",2019-09-22,10.7
"Long Beach-Route 710 Near Road",2019-09-23,11.6
"Long Beach-Route 710 Near Road",2019-09-24,13
"Long Beach-Route 710 Near Road",2019-09-25,9.9
"Long Beach-Route 710 Near Road",2019-09-26,7.7
"Long Beach-Route 710 Near Road",2019-09-27,7.7
"Long Beach-Route 710 Near Road",2019-09-28,3.9
"Long Beach-Route 710 Near Road",2019-09-29,7.5
"Long Beach-Route 710 Near Road",2019-09-30,9.4
"Long Beach-Route 710 Near Road",2019-10-01,9.8
"Long Beach-Route 710 Near Road",2019-10-02,11.7
"Long Beach-Route 710 Near Road",2019-10-03,10.7
"Long Beach-Route 710 Near Road",2019-10-04,10.4
"Long Beach-Route 710 Near Road",2019-10-05,12
"Long Beach-Route 710 Near Road",2019-10-06,13.9
"Long Beach-Route 710 Near Road",2019-10-07,13.2
"Long Beach-Route 710 Near Road",2019-10-08,12.2
"Long Beach-Route 710 Near Road",2019-10-09,11.5
"Long Beach-Route 710 Near Road",2019-10-10,13.7
"Long Beach-Route 710 Near Road",2019-10-11,13
"Long Beach-Route 710 Near Road",2019-10-12,13
"Long Beach-Route 710 Near Road",2019-10-13,14.7
"Long Beach-Route 710 Near Road",2019-10-14,12.1
"Long Beach-Route 710 Near Road",2019-10-15,15.5
"Long Beach-Route 710 Near Road",2019-10-16,16.1
"Long Beach-Route 710 Near Road",2019-10-17,11
"Long Beach-Route 710 Near Road",2019-10-18,10.6
"Long Beach-Route 710 Near Road",2019-10-19,12.5
"Long Beach-Route 710 Near Road",2019-10-20,10.4
"Long Beach-Route 710 Near Road",2019-10-21,11.3
"Long Beach-Route 710 Near Road",2019-10-22,13.3
"Long Beach-Route 710 Near Road",2019-10-23,13.4
"Long Beach-Route 710 Near Road",2019-10-24,14.1
"Long Beach-Route 710 Near Road",2019-10-25,14.3
"Long Beach-Route 710 Near Road",2019-10-26,10.3
"Long Beach-Route 710 Near Road",2019-10-27,11.3
"Long Beach-Route 710 Near Road",2019-10-28,15.2
"Long Beach-Route 710 Near Road",2019-10-29,14.6
"Long Beach-Route 710 Near Road",2019-10-30,11.2
"Long Beach-Route 710 Near Road",2019-10-31,16.6
"Long Beach-Route 710 Near Road",2019-11-01,13.7
"Long Beach-Route 710 Near Road",2019-11-02,26.4
"Long Beach-Route 710 Near Road",2019-11-03,23.1
"Long Beach-Route 710 Near Road",2019-11-04,21
"Long Beach-Route 710 Near Road",2019-11-05,19.6
"Long Beach-Route 710 Near Road",2019-11-06,24.2
"Long Beach-Route 710 Near Road",2019-11-07,36.7
"Long Beach-Route 710 Near Road",2019-11-08,19.2
"Long Beach-Route 710 Near Road",2019-11-09,15.6
"Long Beach-Route 710 Near Road",2019-11-10,17
"Long Beach-Route 710 Near Road",2019-11-11,19.8
"Long Beach-Route 710 Near Road",2019-11-12,30.7
"Long Beach-Route 710 Near Road",2019-11-13,29.1
"Long Beach-Route 710 Near Road",2019-11-14,16.5
"Long Beach-Route 710 Near Road",2019-11-15,13.9
"Long Beach-Route 710 Near Road",2019-11-16,19.1
"Long Beach-Route 710 Near Road",2019-11-17,15.8
"Long Beach-Route 710 Near Road",2019-11-18,10.1
"Long Beach-Route 710 Near Road",2019-11-19,14.3
"Long Beach-Route 710 Near Road",2019-11-20,6.4
"Long Beach-Route 710 Near Road",2019-11-21,9.5
"Long Beach-Route 710 Near Road",2019-11-22,13.2
"Long Beach-Route 710 Near Road",2019-11-23,12
"Long Beach-Route 710 Near Road",2019-11-24,13.7
"Long Beach-Route 710 Near Road",2019-11-25,17
"Long Beach-Route 710 Near Road",2019-11-26,14.6
"Long Beach-Route 710 Near Road",2019-11-27,8.3
"Long Beach-Route 710 Near Road",2019-11-28,6.1
"Long Beach-Route 710 Near Road",2019-11-29,7.2
"Long Beach-Route 710 Near Road",2019-11-30,10.6
"Long Beach-Route 710 Near Road",2019-12-01,11.2
"Long Beach-Route 710 Near Road",2019-12-02,16.6
"Long Beach-Route 710 Near Road",2019-12-03,29.5
"Long Beach-Route 710 Near Road",2019-12-04,10.7
"Long Beach-Route 710 Near Road",2019-12-05,12.4
"Long Beach-Route 710 Near Road",2019-12-06,15.2
"Long Beach-Route 710 Near Road",2019-12-07,7
"Long Beach-Route 710 Near Road",2019-12-08,5.5
"Long Beach-Route 710 Near Road",2019-12-09,10.1
"Long Beach-Route 710 Near Road",2019-12-10,15
"Long Beach-Route 710 Near Road",2019-12-11,20
"Long Beach-Route 710 Near Road",2019-12-12,21
"Long Beach-Route 710 Near Road",2019-12-13,28.8
"Long Beach-Route 710 Near Road",2019-12-14,18.7
"Long Beach-Route 710 Near Road",2019-12-15,5.7
"Long Beach-Route 710 Near Road",2019-12-16,6.5
"Long Beach-Route 710 Near Road",2019-12-17,7.9
"Long Beach-Route 710 Near Road",2019-12-18,13.2
"Long Beach-Route 710 Near Road",2019-12-19,20.7
"Long Beach-Route 710 Near Road",2019-12-20,14
"Long Beach-Route 710 Near Road",2019-12-21,19.2
"Long Beach-Route 710 Near Road",2019-12-22,11.6
"Long Beach-Route 710 Near Road",2019-12-23,7
"Long Beach-Route 710 Near Road",2019-12-24,10
"Long Beach-Route 710 Near Road",2019-12-25,5.6
"Long Beach-Route 710 Near Road",2019-12-26,5.8
"Long Beach-Route 710 Near Road",2019-12-27,16.8
"Long Beach-Route 710 Near Road",2019-12-28,16.2
"Long Beach-Route 710 Near Road",2019-12-29,22.8
"Long Beach-Route 710 Near Road",2019-12-30,12.5
"Long Beach-Route 710 Near Road",2019-12-31,19.6
"Long Beach-Route 710 Near Road",2020-01-01,31.5
"Long Beach-Route 710 Near Road",2020-01-02,19.2
"Long Beach-Route 710 Near Road",2020-01-03,24.7
"Long Beach-Route 710 Near Road",2020-01-04,31.5
"Long Beach-Route 710 Near Road",2020-01-05,31.2
"Long Beach-Route 710 Near Road",2020-01-06,16.5
"Long Beach-Route 710 Near Road",2020-01-07,7.5
"Long Beach-Route 710 Near Road",2020-01-08,15.9
"Long Beach-Route 710 Near Road",2020-01-09,10.9
"Long Beach-Route 710 Near Road",2020-01-11,24.9
"Long Beach-Route 710 Near Road",2020-01-12,20
"Long Beach-Route 710 Near Road",2020-01-13,23.8
"Long Beach-Route 710 Near Road",2020-01-14,27.3
"Long Beach-Route 710 Near Road",2020-01-15,44
"Long Beach-Route 710 Near Road",2020-01-17,7.6
"Long Beach-Route 710 Near Road",2020-01-18,11.7
"Long Beach-Route 710 Near Road",2020-01-19,10.5
"Long Beach-Route 710 Near Road",2020-01-20,19.5
"Long Beach-Route 710 Near Road",2020-01-21,5.5
"Long Beach-Route 710 Near Road",2020-01-22,15.9
"Long Beach-Route 710 Near Road",2020-01-23,14.8
"Long Beach-Route 710 Near Road",2020-01-24,19.6
"Long Beach-Route 710 Near Road",2020-01-25,31.2
"Long Beach-Route 710 Near Road",2020-01-26,25.3
"Long Beach-Route 710 Near Road",2020-01-27,24.5
"Long Beach-Route 710 Near Road",2020-01-28,11.8
"Long Beach-Route 710 Near Road",2020-01-29,8.4
"Long Beach-Route 710 Near Road",2020-01-30,12.1
"Long Beach-Route 710 Near Road",2020-01-31,14.3
"Long Beach-Route 710 Near Road",2020-02-01,11.8
"Long Beach-Route 710 Near Road",2020-02-02,17.2
"Long Beach-Route 710 Near Road",2020-02-03,4.5
"Long Beach-Route 710 Near Road",2020-02-04,5.5
"Long Beach-Route 710 Near Road",2020-02-05,10.4
"Long Beach-Route 710 Near Road",2020-02-06,16.2
"Long Beach-Route 710 Near Road",2020-02-07,20.1
"Long Beach-Route 710 Near Road",2020-02-08,22.4
"Long Beach-Route 710 Near Road",2020-02-09,7.6
"Long Beach-Route 710 Near Road",2020-02-10,7.5
"Long Beach-Route 710 Near Road",2020-02-11,8.4
"Long Beach-Route 710 Near Road",2020-02-12,11.2
"Long Beach-Route 710 Near Road",2020-02-13,14.6
"Long Beach-Route 710 Near Road",2020-02-14,16.4
"Long Beach-Route 710 Near Road",2020-02-15,17.7
"Long Beach-Route 710 Near Road",2020-02-16,19.9
"Long Beach-Route 710 Near Road",2020-02-17,20
"Long Beach-Route 710 Near Road",2020-02-18,15.4
"Long Beach-Route 710 Near Road",2020-02-19,18.7
"Long Beach-Route 710 Near Road",2020-02-20,22.8
"Long Beach-Route 710 Near Road",2020-02-21,16.8
"Long Beach-Route 710 Near Road",2020-02-22,5.5
"Long Beach-Route 710 Near Road",2020-02-23,9.3
"Long Beach-Route 710 Near Road",2020-02-24,14.4
"Long Beach-Route 710 Near Road",2020-02-25,13
"Long Beach-Route 710 Near Road",2020-02-26,10.2
"Long Beach-Route 710 Near Road",2020-02-27,11.8
"Long Beach-Route 710 Near Road",2020-02-28,7.5
"Long Beach-Route 710 Near Road",2020-02-29,7
"Long Beach-Route 710 Near Road",2020-03-01,6.8
"Long Beach-Route 710 Near Road",2020-03-02,5.9
"Long Beach-Route 710 Near Road",2020-03-03,8.2
"Long Beach-Route 710 Near Road",2020-03-04,12.2
"Long Beach-Route 710 Near Road",2020-03-05,19.1
"Long Beach-Route 710 Near Road",2020-03-06,11.3
"Long Beach-Route 710 Near Road",2020-03-07,2.5
"Long Beach-Route 710 Near Road",2020-03-08,2.6
"Long Beach-Route 710 Near Road",2020-03-09,6
"Long Beach-Route 710 Near Road",2020-03-10,3.4
"Long Beach-Route 710 Near Road",2020-03-11,4
"Long Beach-Route 710 Near Road",2020-03-12,9.6
"Long Beach-Route 710 Near Road",2020-03-13,7.6
"Long Beach-Route 710 Near Road",2020-03-14,4.2
"Long Beach-Route 710 Near Road",2020-03-15,4.8
"Long Beach-Route 710 Near Road",2020-03-16,5.2
"Long Beach-Route 710 Near Road",2020-03-17,5.7
"Long Beach-Route 710 Near Road",2020-03-18,7.7
"Long Beach-Route 710 Near Road",2020-03-19,4.4
"Long Beach-Route 710 Near Road",2020-03-20,2.7
"Long Beach-Route 710 Near Road",2020-03-21,3.1
"Long Beach-Route 710 Near Road",2020-03-22,4.8
"Long Beach-Route 710 Near Road",2020-03-23,3.9
"Long Beach-Route 710 Near Road",2020-03-24,4.6
"Long Beach-Route 710 Near Road",2020-03-25,3.6
"Long Beach-Route 710 Near Road",2020-03-26,3.7
"Long Beach-Route 710 Near Road",2020-03-27,6
"Long Beach-Route 710 Near Road",2020-03-28,7.2
"Long Beach-Route 710 Near Road",2020-03-29,8.1
"Long Beach-Route 710 Near Road",2020-03-30,8.5
"Long Beach-Route 710 Near Road",2020-03-31,10.3
"Long Beach-Route 710 Near Road",2020-04-01,7.5
"Long Beach-Route 710 Near Road",2020-04-02,9.1
"Long Beach-Route 710 Near Road",2020-04-03,10.2
"Long Beach-Route 710 Near Road",2020-04-04,9.2
"Long Beach-Route 710 Near Road",2020-04-05,2.6
"Long Beach-Route 710 Near Road",2020-04-06,2.6
"Long Beach-Route 710 Near Road",2020-04-07,3.7
"Long Beach-Route 710 Near Road",2020-04-08,3.7
"Long Beach-Route 710 Near Road",2020-04-09,2.9
"Long Beach-Route 710 Near Road",2020-04-10,3.1
"Long Beach-Route 710 Near Road",2020-04-11,5.7
"Long Beach-Route 710 Near Road",2020-04-12,3.5
"Long Beach-Route 710 Near Road",2020-04-13,4.2
"Long Beach-Route 710 Near Road",2020-04-14,10
"Long Beach-Route 710 Near Road",2020-04-15,11
"Long Beach-Route 710 Near Road",2020-04-16,10.2
"Long Beach-Route 710 Near Road",2020-04-17,5.2
"Long Beach-Route 710 Near Road",2020-04-18,4.7
"Long Beach-Route 710 Near Road",2020-04-19,5.2
"Long Beach-Route 710 Near Road",2020-04-20,7.1
"Long Beach-Route 710 Near Road",2020-04-21,8.3
"Long Beach-Route 710 Near Road",2020-04-22,12.4
"Long Beach-Route 710 Near Road",2020-04-23,11.4
"Long Beach-Route 710 Near Road",2020-04-24,12.1
"Long Beach-Route 710 Near Road",2020-04-25,8.7
"Long Beach-Route 710 Near Road",2020-04-26,9.1
"Long Beach-Route 710 Near Road",2020-04-27,9
"Long Beach-Route 710 Near Road",2020-04-28,10.3
"Long Beach-Route 710 Near Road",2020-04-29,11.4
"Long Beach-Route 710 Near Road",2020-04-30,13.6
"Long Beach-Route 710 Near Road",2020-05-01,10.1
"Long Beach-Route 710 Near Road",2020-05-02,8.8
"Long Beach-Route 710 Near Road",2020-05-03,8.5
"Long Beach-Route 710 Near Road",2020-05-04,12.2
"Long Beach-Route 710 Near Road",2020-05-05,12.5
"Long Beach-Route 710 Near Road",2020-05-06,13
"Long Beach-Route 710 Near Road",2020-05-07,13.5
"Long Beach-Route 710 Near Road",2020-05-08,14.3
"Long Beach-Route 710 Near Road",2020-05-09,14.7
"Long Beach-Route 710 Near Road",2020-05-10,11.2
"Long Beach-Route 710 Near Road",2020-05-11,9.5
"Long Beach-Route 710 Near Road",2020-05-12,5.1
"Long Beach-Route 710 Near Road",2020-05-13,5.9
"Long Beach-Route 710 Near Road",2020-05-14,7.6
"Long Beach-Route 710 Near Road",2020-05-15,8.7
"Long Beach-Route 710 Near Road",2020-05-16,10.2
"Long Beach-Route 710 Near Road",2020-05-17,7.4
"Long Beach-Route 710 Near Road",2020-05-18,4.1
"Long Beach-Route 710 Near Road",2020-05-19,5.5
"Long Beach-Route 710 Near Road",2020-05-20,6.7
"Long Beach-Route 710 Near Road",2020-05-21,10.2
"Long Beach-Route 710 Near Road",2020-05-22,10.4
"Long Beach-Route 710 Near Road",2020-05-23,11.5
"Long Beach-Route 710 Near Road",2020-05-24,13.3
"Long Beach-Route 710 Near Road",2020-05-25,13.8
"Long Beach-Route 710 Near Road",2020-05-26,14.3
"Long Beach-Route 710 Near Road",2020-05-27,10.7
"Long Beach-Route 710 Near Road",2020-05-28,7.6
"Long Beach-Route 710 Near Road",2020-05-29,2.8
"Long Beach-Route 710 Near Road",2020-05-30,4
"Long Beach-Route 710 Near Road",2020-05-31,5.2
"Long Beach-Route 710 Near Road",2020-06-01,8.5
"Long Beach-Route 710 Near Road",2020-06-02,11.4
"Long Beach-Route 710 Near Road",2020-06-03,13.9
"Long Beach-Route 710 Near Road",2020-06-04,9.7
"Long Beach-Route 710 Near Road",2020-06-05,5.8
"Long Beach-Route 710 Near Road",2020-06-06,6
"Long Beach-Route 710 Near Road",2020-06-07,8.2
"Long Beach-Route 710 Near Road",2020-06-08,6.7
"Long Beach-Route 710 Near Road",2020-06-10,11.4
"Long Beach-Route 710 Near Road",2020-06-11,9.2
"Long Beach-Route 710 Near Road",2020-06-12,7.2
"Long Beach-Route 710 Near Road",2020-06-13,6.6
"Long Beach-Route 710 Near Road",2020-06-14,8
"Long Beach-Route 710 Near Road",2020-06-15,7.9
"Long Beach-Route 710 Near Road",2020-06-16,8
"Long Beach-Route 710 Near Road",2020-06-17,6.8
"Long Beach-Route 710 Near Road",2020-06-18,8
"Long Beach-Route 710 Near Road",2020-06-19,9.6
"Long Beach-Route 710 Near Road",2020-06-20,8.2
"Long Beach-Route 710 Near Road",2020-06-21,8
"Long Beach-Route 710 Near Road",2020-06-22,8.5
"Long Beach-Route 710 Near Road",2020-06-23,8.3
"Long Beach-Route 710 Near Road",2020-06-24,9.6
"Long Beach-Route 710 Near Road",2020-06-25,6.3
"Long Beach-Route 710 Near Road",2020-06-26,8.6
"Long Beach-Route 710 Near Road",2020-06-27,7.9
"Long Beach-Route 710 Near Road",2020-06-28,2.1
"Long Beach-Route 710 Near Road",2020-06-29,5.5
"Long Beach-Route 710 Near Road",2020-06-30,10.1
"Long Beach-Route 710 Near Road",2020-07-01,8.2
"Long Beach-Route 710 Near Road",2020-07-02,8.2
"Long Beach-Route 710 Near Road",2020-07-03,8.5
"Long Beach-Route 710 Near Road",2020-07-04,35
"Long Beach-Route 710 Near Road",2020-07-05,41.7
"Long Beach-Route 710 Near Road",2020-07-06,13.1
"Long Beach-Route 710 Near Road",2020-07-07,14.9
"Long Beach-Route 710 Near Road",2020-07-08,14.3
"Long Beach-Route 710 Near Road",2020-07-09,14.4
"Long Beach-Route 710 Near Road",2020-07-10,13.5
"Long Beach-Route 710 Near Road",2020-07-11,9.1
"Long Beach-Route 710 Near Road",2020-07-12,12.5
"Long Beach-Route 710 Near Road",2020-07-13,14.3
"Long Beach-Route 710 Near Road",2020-07-14,11.1
"Long Beach-Route 710 Near Road",2020-07-15,8.3
"Long Beach-Route 710 Near Road",2020-07-16,8.2
"Long Beach-Route 710 Near Road",2020-07-17,7.8
"Long Beach-Route 710 Near Road",2020-07-18,4.3
"Long Beach-Route 710 Near Road",2020-07-19,5.8
"Long Beach-Route 710 Near Road",2020-07-20,7.7
"Long Beach-Route 710 Near Road",2020-07-21,8.7
"Long Beach-Route 710 Near Road",2020-07-22,7.8
"Long Beach-Route 710 Near Road",2020-07-24,5.7
"Long Beach-Route 710 Near Road",2020-07-25,8.5
"Long Beach-Route 710 Near Road",2020-07-26,8.9
"Long Beach-Route 710 Near Road",2020-07-27,9.7
"Long Beach-Route 710 Near Road",2020-07-28,9.8
"Long Beach-Route 710 Near Road",2020-07-29,12.2
"Long Beach-Route 710 Near Road",2020-07-30,8.8
"Long Beach-Route 710 Near Road",2020-07-31,13.5
"Long Beach-Route 710 Near Road",2020-08-01,12.2
"Long Beach-Route 710 Near Road",2020-08-02,10.5
"Long Beach-Route 710 Near Road",2020-08-03,12.6
"Long Beach-Route 710 Near Road",2020-08-04,8.9
"Long Beach-Route 710 Near Road",2020-08-05,8.5
"Long Beach-Route 710 Near Road",2020-08-06,8.6
"Long Beach-Route 710 Near Road",2020-08-07,8.3
"Long Beach-Route 710 Near Road",2020-08-08,11.4
"Long Beach-Route 710 Near Road",2020-08-09,9.2
"Long Beach-Route 710 Near Road",2020-08-10,9.6
"Long Beach-Route 710 Near Road",2020-08-11,8.3
"Long Beach-Route 710 Near Road",2020-08-12,9.7
"Long Beach-Route 710 Near Road",2020-08-13,10
"Long Beach-Route 710 Near Road",2020-08-14,10.1
"Long Beach-Route 710 Near Road",2020-08-15,14.8
"Long Beach-Route 710 Near Road",2020-08-16,11.4
"Long Beach-Route 710 Near Road",2020-08-17,12.8
"Long Beach-Route 710 Near Road",2020-08-18,14.1
"Long Beach-Route 710 Near Road",2020-08-19,12.2
"Long Beach-Route 710 Near Road",2020-08-20,11.9
"Long Beach-Route 710 Near Road",2020-08-21,16.9
"Long Beach-Route 710 Near Road",2020-08-22,22.6
"Long Beach-Route 710 Near Road",2020-08-23,11.5
"Long Beach-Route 710 Near Road",2020-08-24,11.9
"Long Beach-Route 710 Near Road",2020-08-25,9.7
"Long Beach-Route 710 Near Road",2020-08-26,11.2
"Long Beach-Route 710 Near Road",2020-08-27,16.5
"Long Beach-Route 710 Near Road",2020-08-28,11
"Long Beach-Route 710 Near Road",2020-08-29,9.4
"Long Beach-Route 710 Near Road",2020-08-30,8.5
"Long Beach-Route 710 Near Road",2020-08-31,10.7
"Long Beach-Route 710 Near Road",2020-09-01,9.6
"Long Beach-Route 710 Near Road",2020-09-02,10.3
"Long Beach-Route 710 Near Road",2020-09-03,13.6
"Long Beach-Route 710 Near Road",2020-09-04,17.9
"Long Beach-Route 710 Near Road",2020-09-05,21
"Long Beach-Route 710 Near Road",2020-09-06,21.7
"Long Beach-Route 710 Near Road",2020-09-07,13.9
"Long Beach-Route 710 Near Road",2020-09-08,13.9
"Long Beach-Route 710 Near Road",2020-09-09,15
"Long Beach-Route 710 Near Road",2020-09-10,18.4
"Long Beach-Route 710 Near Road",2020-09-11,38.7
"Long Beach-Route 710 Near Road",2020-09-12,48.7
"Long Beach-Route 710 Near Road",2020-09-13,47.6
"Long Beach-Route 710 Near Road",2020-09-14,60.8
"Long Beach-Route 710 Near Road",2020-09-15,65.7
"Long Beach-Route 710 Near Road",2020-09-16,43
"Long Beach-Route 710 Near Road",2020-09-17,20.6
"Long Beach-Route 710 Near Road",2020-09-18,18.3
"Long Beach-Route 710 Near Road",2020-09-19,12.1
"Long Beach-Route 710 Near Road",2020-09-20,13.7
"Long Beach-Route 710 Near Road",2020-09-21,14.4
"Long Beach-Route 710 Near Road",2020-09-22,15.5
"Long Beach-Route 710 Near Road",2020-09-23,13.6
"Long Beach-Route 710 Near Road",2020-09-24,11.5
"Long Beach-Route 710 Near Road",2020-09-25,11
"Long Beach-Route 710 Near Road",2020-09-26,11.3
"Long Beach-Route 710 Near Road",2020-09-27,12.5
"Long Beach-Route 710 Near Road",2020-09-28,17.2
"Long Beach-Route 710 Near Road",2020-09-29,11.9
"Long Beach-Route 710 Near Road",2020-09-30,15.3
"Long Beach-Route 710 Near Road",2020-10-01,16.1
"Long Beach-Route 710 Near Road",2020-10-02,18.8
"Long Beach-Route 710 Near Road",2020-10-03,20.1
"Long Beach-Route 710 Near Road",2020-10-04,41.6
"Long Beach-Route 710 Near Road",2020-10-05,35.1
"Long Beach-Route 710 Near Road",2020-10-06,28.4
"Long Beach-Route 710 Near Road",2020-10-07,23.3
"Long Beach-Route 710 Near Road",2020-10-08,17
"Long Beach-Route 710 Near Road",2020-10-09,15
"Long Beach-Route 710 Near Road",2020-10-10,9
"Long Beach-Route 710 Near Road",2020-10-11,6.6
"Long Beach-Route 710 Near Road",2020-10-12,14.2
"Long Beach-Route 710 Near Road",2020-10-13,17.6
"Long Beach-Route 710 Near Road",2020-10-14,19.1
"Long Beach-Route 710 Near Road",2020-10-15,20.2
"Long Beach-Route 710 Near Road",2020-10-16,13.2
"Long Beach-Route 710 Near Road",2020-10-17,13.9
"Long Beach-Route 710 Near Road",2020-10-18,19
"Long Beach-Route 710 Near Road",2020-10-19,12.7
"Long Beach-Route 710 Near Road",2020-10-20,17.9
"Long Beach-Route 710 Near Road",2020-10-21,23.4
"Long Beach-Route 710 Near Road",2020-10-22,9.6
"Long Beach-Route 710 Near Road",2020-10-23,9
"Long Beach-Route 710 Near Road",2020-10-24,7.7
"Long Beach-Route 710 Near Road",2020-10-25,6
"Long Beach-Route 710 Near Road",2020-10-26,28.6
"Long Beach-Route 710 Near Road",2020-10-27,47.4
"Long Beach-Route 710 Near Road",2020-10-28,23.9
"Long Beach-Route 710 Near Road",2020-10-29,26.7
"Long Beach-Route 710 Near Road",2020-10-30,22.3
"Long Beach-Route 710 Near Road",2020-10-31,22.4
"Long Beach-Route 710 Near Road",2020-11-01,15.7
"Long Beach-Route 710 Near Road",2020-11-02,17.1
"Long Beach-Route 710 Near Road",2020-11-03,38.2
"Long Beach-Route 710 Near Road",2020-11-04,30.2
"Long Beach-Route 710 Near Road",2020-11-05,19.5
"Long Beach-Route 710 Near Road",2020-11-06,11.9
"Long Beach-Route 710 Near Road",2020-11-07,4.6
"Long Beach-Route 710 Near Road",2020-11-08,7.5
"Long Beach-Route 710 Near Road",2020-11-09,9
"Long Beach-Route 710 Near Road",2020-11-10,11.9
"Long Beach-Route 710 Near Road",2020-11-11,17.3
"Long Beach-Route 710 Near Road",2020-11-12,22.4
"Long Beach-Route 710 Near Road",2020-11-13,20.6
"Long Beach-Route 710 Near Road",2020-11-14,17.1
"Long Beach-Route 710 Near Road",2020-11-15,21.1
"Long Beach-Route 710 Near Road",2020-11-16,10.4
"Long Beach-Route 710 Near Road",2020-11-17,14.5
"Long Beach-Route 710 Near Road",2020-11-18,6.9
"Long Beach-Route 710 Near Road",2020-11-19,13.6
"Long Beach-Route 710 Near Road",2020-11-20,22.8
"Long Beach-Route 710 Near Road",2020-11-21,26.3
"Long Beach-Route 710 Near Road",2020-11-22,28.3
"Long Beach-Route 710 Near Road",2020-11-23,17.7
"Long Beach-Route 710 Near Road",2020-11-24,18.7
"Long Beach-Route 710 Near Road",2020-11-25,24.3
"Long Beach-Route 710 Near Road",2020-11-26,19.4
"Long Beach-Route 710 Near Road",2020-11-27,21.1
"Long Beach-Route 710 Near Road",2020-11-28,11.8
"Long Beach-Route 710 Near Road",2020-11-29,14.7
"Long Beach-Route 710 Near Road",2020-11-30,16.7
"Long Beach-Route 710 Near Road",2020-12-01,23.1
"Long Beach-Route 710 Near Road",2020-12-02,24.6
"Long Beach-Route 710 Near Road",2020-12-03,35.8
"Long Beach-Route 710 Near Road",2020-12-04,15.7
"Long Beach-Route 710 Near Road",2020-12-05,33.5
"Long Beach-Route 710 Near Road",2020-12-06,30.8
"Long Beach-Route 710 Near Road",2020-12-07,27
"Long Beach-Route 710 Near Road",2020-12-08,13.3
"Long Beach-Route 710 Near Road",2020-12-09,14.8
"Long Beach-Route 710 Near Road",2020-12-10,17.8
"Long Beach-Route 710 Near Road",2020-12-11,21.1
"Long Beach-Route 710 Near Road",2020-12-12,22.3
"Long Beach-Route 710 Near Road",2020-12-13,14.2
"Long Beach-Route 710 Near Road",2020-12-14,6.7
"Long Beach-Route 710 Near Road",2020-12-15,13.4
"Long Beach-Route 710 Near Road",2020-12-16,14.2
"Long Beach-Route 710 Near Road",2020-12-18,18.1
"Long Beach-Route 710 Near Road",2020-12-19,20.1
"Long Beach-Route 710 Near Road",2020-12-20,16.7
"Long Beach-Route 710 Near Road",2020-12-21,14.3
"Long Beach-Route 710 Near Road",2020-12-22,19
"Long Beach-Route 710 Near Road",2020-12-23,26.8
"Long Beach-Route 710 Near Road",2020-12-24,12.1
"Long Beach-Route 710 Near Road",2020-12-25,18.5
"Long Beach-Route 710 Near Road",2020-12-26,31.8
"Long Beach-Route 710 Near Road",2020-12-27,10.8
"Long Beach-Route 710 Near Road",2020-12-28,5
"Long Beach-Route 710 Near Road",2020-12-29,12
"Long Beach-Route 710 Near Road",2020-12-30,17.4
"Long Beach-Route 710 Near Road",2020-12-31,27.2
"Long Beach-Route 710 Near Road",2021-01-01,84.6
"Long Beach-Route 710 Near Road",2021-01-02,19
"Long Beach-Route 710 Near Road",2021-01-03,21.5
"Long Beach-Route 710 Near Road",2021-01-04,19.5
"Long Beach-Route 710 Near Road",2021-01-05,24.6
"Long Beach-Route 710 Near Road",2021-01-06,26.8
"Long Beach-Route 710 Near Road",2021-01-07,23.7
"Long Beach-Route 710 Near Road",2021-01-08,23.9
"Long Beach-Route 710 Near Road",2021-01-09,26.3
"Long Beach-Route 710 Near Road",2021-01-10,14.4
"Long Beach-Route 710 Near Road",2021-01-11,13.9
"Long Beach-Route 710 Near Road",2021-01-12,13.7
"Long Beach-Route 710 Near Road",2021-01-13,17.6
"Long Beach-Route 710 Near Road",2021-01-14,22
"Long Beach-Route 710 Near Road",2021-01-15,21.8
"Long Beach-Route 710 Near Road",2021-01-16,26.5
"Long Beach-Route 710 Near Road",2021-01-17,18.2
"Long Beach-Route 710 Near Road",2021-01-18,16
"Long Beach-Route 710 Near Road",2021-01-19,5.1
"Long Beach-Route 710 Near Road",2021-01-20,6.4
"Long Beach-Route 710 Near Road",2021-01-21,10.6
"Long Beach-Route 710 Near Road",2021-01-22,6.5
"Long Beach-Route 710 Near Road",2021-01-23,6
"Long Beach-Route 710 Near Road",2021-01-24,11.8
"Long Beach-Route 710 Near Road",2021-01-25,5.5
"Long Beach-Route 710 Near Road",2021-01-26,7.5
"Long Beach-Route 710 Near Road",2021-01-27,5.9
"Long Beach-Route 710 Near Road",2021-01-28,7.9
"Long Beach-Route 710 Near Road",2021-01-29,7
"Long Beach-Route 710 Near Road",2021-01-30,11.8
"Long Beach-Route 710 Near Road",2021-01-31,9.1
"Long Beach-Route 710 Near Road",2021-02-01,9.9
"Long Beach-Route 710 Near Road",2021-02-02,7.2
"Long Beach-Route 710 Near Road",2021-02-03,9.7
"Long Beach-Route 710 Near Road",2021-02-04,9.5
"Long Beach-Route 710 Near Road",2021-02-05,15.7
"Long Beach-Route 710 Near Road",2021-02-06,26.6
"Long Beach-Route 710 Near Road",2021-02-07,26.7
"Long Beach-Route 710 Near Road",2021-02-08,12.9
"Long Beach-Route 710 Near Road",2021-02-09,13.4
"Long Beach-Route 710 Near Road",2021-02-10,17.9
"Long Beach-Route 710 Near Road",2021-02-11,27
"Long Beach-Route 710 Near Road",2021-02-12,7.6
"Long Beach-Route 710 Near Road",2021-02-13,8.8
"Long Beach-Route 710 Near Road",2021-02-14,4.2
"Long Beach-Route 710 Near Road",2021-02-15,10.4
"Long Beach-Route 710 Near Road",2021-02-16,9.4
"Long Beach-Route 710 Near Road",2021-02-17,10.5
"Long Beach-Route 710 Near Road",2021-02-18,11.9
"Long Beach-Route 710 Near Road",2021-02-19,11.7
"Long Beach-Route 710 Near Road",2021-02-20,11.9
"Long Beach-Route 710 Near Road",2021-02-21,12.3
"Long Beach-Route 710 Near Road",2021-02-22,10.5
"Long Beach-Route 710 Near Road",2021-02-23,12.2
"Long Beach-Route 710 Near Road",2021-02-24,12
"Long Beach-Route 710 Near Road",2021-02-25,12.1
"Long Beach-Route 710 Near Road",2021-02-26,13.5
"Long Beach-Route 710 Near Road",2021-02-27,15
"Long Beach-Route 710 Near Road",2021-02-28,10.4
"Long Beach-Route 710 Near Road",2021-03-01,7.5
"Long Beach-Route 710 Near Road",2021-03-02,10.3
"Long Beach-Route 710 Near Road",2021-03-03,9.2
"Long Beach-Route 710 Near Road",2021-03-04,10.2
"Long Beach-Route 710 Near Road",2021-03-05,12.7
"Long Beach-Route 710 Near Road",2021-03-06,10.4
"Long Beach-Route 710 Near Road",2021-03-07,7
"Long Beach-Route 710 Near Road",2021-03-08,7
"Long Beach-Route 710 Near Road",2021-03-09,8.8
"Long Beach-Route 710 Near Road",2021-03-10,4.1
"Long Beach-Route 710 Near Road",2021-03-11,4.6
"Long Beach-Route 710 Near Road",2021-03-12,8
"Long Beach-Route 710 Near Road",2021-03-13,14.3
"Long Beach-Route 710 Near Road",2021-03-14,8.8
"Long Beach-Route 710 Near Road",2021-03-15,4.5
"Long Beach-Route 710 Near Road",2021-03-16,5.9
"Long Beach-Route 710 Near Road",2021-03-17,9.8
"Long Beach-Route 710 Near Road",2021-03-18,8.7
"Long Beach-Route 710 Near Road",2021-03-19,7.6
"Long Beach-Route 710 Near Road",2021-03-20,7.4
"Long Beach-Route 710 Near Road",2021-03-21,10.4
"Long Beach-Route 710 Near Road",2021-03-22,11
"Long Beach-Route 710 Near Road",2021-03-23,10.2
"Long Beach-Route 710 Near Road",2021-03-24,8
"Long Beach-Route 710 Near Road",2021-03-25,8
"Long Beach-Route 710 Near Road",2021-03-26,7.7
"Long Beach-Route 710 Near Road",2021-03-27,11.7
"Long Beach-Route 710 Near Road",2021-03-28,11.7
"Long Beach-Route 710 Near Road",2021-03-29,12.6
"Long Beach-Route 710 Near Road",2021-03-30,14.8
"Long Beach-Route 710 Near Road",2021-03-31,15.3
"Long Beach-Route 710 Near Road",2021-04-01,10.9
"Long Beach-Route 710 Near Road",2021-04-02,12.4
"Long Beach-Route 710 Near Road",2021-04-03,14.8
"Long Beach-Route 710 Near Road",2021-04-04,13.2
"Long Beach-Route 710 Near Road",2021-04-05,12
"Long Beach-Route 710 Near Road",2021-04-06,12.5
"Long Beach-Route 710 Near Road",2021-04-07,15.3
"Long Beach-Route 710 Near Road",2021-04-08,12.7
"Long Beach-Route 710 Near Road",2021-04-09,14.9
"Long Beach-Route 710 Near Road",2021-04-10,16.3
"Long Beach-Route 710 Near Road",2021-04-11,17
"Long Beach-Route 710 Near Road",2021-04-12,15.5
"Long Beach-Route 710 Near Road",2021-04-13,10.9
"Long Beach-Route 710 Near Road",2021-04-14,11.2
"Long Beach-Route 710 Near Road",2021-04-15,13.2
"Long Beach-Route 710 Near Road",2021-04-16,15.1
"Long Beach-Route 710 Near Road",2021-04-17,14.4
"Long Beach-Route 710 Near Road",2021-04-18,11.2
"Long Beach-Route 710 Near Road",2021-04-19,13.5
"Long Beach-Route 710 Near Road",2021-04-20,12.8
"Long Beach-Route 710 Near Road",2021-04-21,7.9
"Long Beach-Route 710 Near Road",2021-04-22,8
"Long Beach-Route 710 Near Road",2021-04-23,8.6
"Long Beach-Route 710 Near Road",2021-04-24,8.9
"Long Beach-Route 710 Near Road",2021-04-25,5.7
"Long Beach-Route 710 Near Road",2021-04-26,4.4
"Long Beach-Route 710 Near Road",2021-04-27,5.6
"Long Beach-Route 710 Near Road",2021-04-28,9.1
"Long Beach-Route 710 Near Road",2021-04-29,11.5
"Long Beach-Route 710 Near Road",2021-04-30,14.3
"Long Beach-Route 710 Near Road",2021-05-01,10.5
"Long Beach-Route 710 Near Road",2021-05-02,8.5
"Long Beach-Route 710 Near Road",2021-05-03,13.6
"Long Beach-Route 710 Near Road",2021-05-04,15.6
"Long Beach-Route 710 Near Road",2021-05-05,15.3
"Long Beach-Route 710 Near Road",2021-05-06,12.1
"Long Beach-Route 710 Near Road",2021-05-07,9
"Long Beach-Route 710 Near Road",2021-05-08,9.2
"Long Beach-Route 710 Near Road",2021-05-09,12.6
"Long Beach-Route 710 Near Road",2021-05-10,10.4
"Long Beach-Route 710 Near Road",2021-05-11,11.8
"Long Beach-Route 710 Near Road",2021-05-12,10.5
"Long Beach-Route 710 Near Road",2021-05-13,9.6
"Long Beach-Route 710 Near Road",2021-05-14,8.4
"Long Beach-Route 710 Near Road",2021-05-15,5.5
"Long Beach-Route 710 Near Road",2021-05-16,2.5
"Long Beach-Route 710 Near Road",2021-05-17,5.9
"Long Beach-Route 710 Near Road",2021-05-18,8.6
"Long Beach-Route 710 Near Road",2021-05-19,10
"Long Beach-Route 710 Near Road",2021-05-20,13.1
"Long Beach-Route 710 Near Road",2021-05-21,11.5
"Long Beach-Route 710 Near Road",2021-05-22,10.1
"Long Beach-Route 710 Near Road",2021-05-23,11.8
"Long Beach-Route 710 Near Road",2021-05-24,11.8
"Long Beach-Route 710 Near Road",2021-05-25,11.3
"Long Beach-Route 710 Near Road",2021-05-26,11.8
"Long Beach-Route 710 Near Road",2021-05-27,11.6
"Long Beach-Route 710 Near Road",2021-05-28,10.5
"Long Beach-Route 710 Near Road",2021-05-29,8.2
"Long Beach-Route 710 Near Road",2021-05-30,7.2
"Long Beach-Route 710 Near Road",2021-05-31,9.2
"Long Beach-Route 710 Near Road",2021-06-01,12.7
"Long Beach-Route 710 Near Road",2021-06-02,9
"Long Beach-Route 710 Near Road",2021-06-03,6.3
"Long Beach-Route 710 Near Road",2021-06-04,5.7
"Long Beach-Route 710 Near Road",2021-06-05,5.2
"Long Beach-Route 710 Near Road",2021-06-06,3.7
"Long Beach-Route 710 Near Road",2021-06-07,2.5
"Long Beach-Route 710 Near Road",2021-06-09,7.1
"Long Beach-Route 710 Near Road",2021-06-10,8.1
"Long Beach-Route 710 Near Road",2021-06-11,11.2
"Long Beach-Route 710 Near Road",2021-06-12,10.5
"Long Beach-Route 710 Near Road",2021-06-13,7.5
"Long Beach-Route 710 Near Road",2021-06-14,8.6
"Long Beach-Route 710 Near Road",2021-06-15,11.7
"Long Beach-Route 710 Near Road",2021-06-16,13.1
"Long Beach-Route 710 Near Road",2021-06-17,9.1
"Long Beach-Route 710 Near Road",2021-06-18,11.5
"Long Beach-Route 710 Near Road",2021-06-19,11.2
"Long Beach-Route 710 Near Road",2021-06-20,8.9
"Long Beach-Route 710 Near Road",2021-06-21,9.5
"Long Beach-Route 710 Near Road",2021-06-22,6.6
"Long Beach-Route 710 Near Road",2021-06-23,5.2
"Long Beach-Route 710 Near Road",2021-06-24,4.5
"Long Beach-Route 710 Near Road",2021-06-25,6.2
"Long Beach-Route 710 Near Road",2021-06-26,10.4
"Long Beach-Route 710 Near Road",2021-06-27,11.5
"Long Beach-Route 710 Near Road",2021-06-28,11.5
"Long Beach-Route 710 Near Road",2021-06-29,6.5
"Long Beach-Route 710 Near Road",2021-06-30,6.3
"Long Beach-Route 710 Near Road",2021-07-01,7.9
"Long Beach-Route 710 Near Road",2021-07-02,10
"Long Beach-Route 710 Near Road",2021-07-03,8.5
"Long Beach-Route 710 Near Road",2021-07-04,10
"Long Beach-Route 710 Near Road",2021-07-05,13.1
"Long Beach-Route 710 Near Road",2021-07-06,8.5
"Long Beach-Route 710 Near Road",2021-07-07,10.6
"Long Beach-Route 710 Near Road",2021-07-08,12.2
"Long Beach-Route 710 Near Road",2021-07-09,12.4
"Long Beach-Route 710 Near Road",2021-07-10,14.1
"Long Beach-Route 710 Near Road",2021-07-11,11.7
"Long Beach-Route 710 Near Road",2021-07-12,9.8
"Long Beach-Route 710 Near Road",2021-07-13,13.1
"Long Beach-Route 710 Near Road",2021-07-14,8.3
"Long Beach-Route 710 Near Road",2021-07-15,6.8
"Long Beach-Route 710 Near Road",2021-07-16,7.5
"Long Beach-Route 710 Near Road",2021-07-17,8.7
"Long Beach-Route 710 Near Road",2021-07-18,8.8
"Long Beach-Route 710 Near Road",2021-07-19,11.1
"Long Beach-Route 710 Near Road",2021-07-20,13.1
"Long Beach-Route 710 Near Road",2021-07-21,13.9
"Long Beach-Route 710 Near Road",2021-07-22,13.9
"Long Beach-Route 710 Near Road",2021-07-23,16.3
"Long Beach-Route 710 Near Road",2021-07-24,12.8
"Long Beach-Route 710 Near Road",2021-07-25,9.4
"Long Beach-Route 710 Near Road",2021-07-26,10
"Long Beach-Route 710 Near Road",2021-07-27,8.1
"Long Beach-Route 710 Near Road",2021-07-28,8.1
"Long Beach-Route 710 Near Road",2021-07-29,9.4
"Long Beach-Route 710 Near Road",2021-07-30,10.5
"Long Beach-Route 710 Near Road",2021-07-31,8
"Long Beach-Route 710 Near Road",2021-08-01,7.2
"Long Beach-Route 710 Near Road",2021-08-02,8.5
"Long Beach-Route 710 Near Road",2021-08-03,11.1
"Long Beach-Route 710 Near Road",2021-08-04,12.7
"Long Beach-Route 710 Near Road",2021-08-05,13.8
"Long Beach-Route 710 Near Road",2021-08-06,11.8
"Long Beach-Route 710 Near Road",2021-08-07,11.3
"Long Beach-Route 710 Near Road",2021-08-08,9.6
"Long Beach-Route 710 Near Road",2021-08-09,9.3
"Long Beach-Route 710 Near Road",2021-08-10,11.3
"Long Beach-Route 710 Near Road",2021-08-11,12.1
"Long Beach-Route 710 Near Road",2021-08-12,11.4
"Long Beach-Route 710 Near Road",2021-08-13,9.2
"Long Beach-Route 710 Near Road",2021-08-14,10.8
"Long Beach-Route 710 Near Road",2021-08-15,10.4
"Long Beach-Route 710 Near Road",2021-08-16,11.7
"Long Beach-Route 710 Near Road",2021-08-17,9.5
"Long Beach-Route 710 Near Road",2021-08-18,6.4
"Long Beach-Route 710 Near Road",2021-08-19,6.5
"Long Beach-Route 710 Near Road",2021-08-20,8.1
"Long Beach-Route 710 Near Road",2021-08-21,9.2
"Long Beach-Route 710 Near Road",2021-08-22,15.1
"Long Beach-Route 710 Near Road",2021-08-23,12.7
"Long Beach-Route 710 Near Road",2021-08-24,11.3
"Long Beach-Route 710 Near Road",2021-08-25,13.9
"Long Beach-Route 710 Near Road",2021-08-26,17.8
"Long Beach-Route 710 Near Road",2021-08-27,16.1
"Long Beach-Route 710 Near Road",2021-08-28,14.5
"Long Beach-Route 710 Near Road",2021-08-29,13.2
"Long Beach-Route 710 Near Road",2021-08-30,17
"Long Beach-Route 710 Near Road",2021-08-31,19.7
"Long Beach-Route 710 Near Road",2021-09-01,15.7
"Long Beach-Route 710 Near Road",2021-09-02,12.5
"Long Beach-Route 710 Near Road",2021-09-03,16.4
"Long Beach-Route 710 Near Road",2021-09-04,16.5
"Long Beach-Route 710 Near Road",2021-09-05,17.9
"Long Beach-Route 710 Near Road",2021-09-06,16.2
"Long Beach-Route 710 Near Road",2021-09-07,14.7
"Long Beach-Route 710 Near Road",2021-09-08,15.2
"Long Beach-Route 710 Near Road",2021-09-09,12.3
"Long Beach-Route 710 Near Road",2021-09-10,9.9
"Long Beach-Route 710 Near Road",2021-09-11,10.6
"Long Beach-Route 710 Near Road",2021-09-12,12.3
"Long Beach-Route 710 Near Road",2021-09-13,12.8
"Long Beach-Route 710 Near Road",2021-09-14,11.2
"Long Beach-Route 710 Near Road",2021-09-15,12.7
"Long Beach-Route 710 Near Road",2021-09-16,12.3
"Long Beach-Route 710 Near Road",2021-09-17,9.3
"Long Beach-Route 710 Near Road",2021-09-18,9.6
"Long Beach-Route 710 Near Road",2021-09-19,12
"Long Beach-Route 710 Near Road",2021-09-20,9.2
"Long Beach-Route 710 Near Road",2021-09-21,13.5
"Long Beach-Route 710 Near Road",2021-09-22,11.4
"Long Beach-Route 710 Near Road",2021-09-23,12.8
"Long Beach-Route 710 Near Road",2021-09-24,13.4
"Long Beach-Route 710 Near Road",2021-09-25,9.3
"Long Beach-Route 710 Near Road",2021-09-26,9.7
"Long Beach-Route 710 Near Road",2021-09-27,5.6
"Long Beach-Route 710 Near Road",2021-09-28,6
"Long Beach-Route 710 Near Road",2021-09-29,10.4
"Long Beach-Route 710 Near Road",2021-09-30,17
"Long Beach-Route 710 Near Road",2021-10-01,13.5
"Long Beach-Route 710 Near Road",2021-10-02,11.3
"Long Beach-Route 710 Near Road",2021-10-03,11.9
"Long Beach-Route 710 Near Road",2021-10-04,15
"Long Beach-Route 710 Near Road",2021-10-05,8.5
"Long Beach-Route 710 Near Road",2021-10-06,11.9
"Long Beach-Route 710 Near Road",2021-10-07,6.1
"Long Beach-Route 710 Near Road",2021-10-08,5.2
"Long Beach-Route 710 Near Road",2021-10-09,8
"Long Beach-Route 710 Near Road",2021-10-10,11.6
"Long Beach-Route 710 Near Road",2021-10-11,14.6
"Long Beach-Route 710 Near Road",2021-10-12,9.5
"Long Beach-Route 710 Near Road",2021-10-14,17.3
"Long Beach-Route 710 Near Road",2021-10-15,13.7
"Long Beach-Route 710 Near Road",2021-10-16,10.6
"Long Beach-Route 710 Near Road",2021-10-17,12.5
"Long Beach-Route 710 Near Road",2021-10-18,7.2
"Long Beach-Route 710 Near Road",2021-10-19,8.1
"Long Beach-Route 710 Near Road",2021-10-20,10.3
"Long Beach-Route 710 Near Road",2021-10-21,10.3
"Long Beach-Route 710 Near Road",2021-10-22,8.4
"Long Beach-Route 710 Near Road",2021-10-23,4.9
"Long Beach-Route 710 Near Road",2021-10-24,7.1
"Long Beach-Route 710 Near Road",2021-10-25,6.2
"Long Beach-Route 710 Near Road",2021-10-26,11.7
"Long Beach-Route 710 Near Road",2021-10-27,13
"Long Beach-Route 710 Near Road",2021-10-28,13
"Long Beach-Route 710 Near Road",2021-10-29,12.9
"Long Beach-Route 710 Near Road",2021-10-30,11.7
"Long Beach-Route 710 Near Road",2021-10-31,11.9
"Long Beach-Route 710 Near Road",2021-11-01,19.1
"Long Beach-Route 710 Near Road",2021-11-02,8.6
"Long Beach-Route 710 Near Road",2021-11-03,20.9
"Long Beach-Route 710 Near Road",2021-11-04,29.3
"Long Beach-Route 710 Near Road",2021-11-05,29.5
"Long Beach-Route 710 Near Road",2021-11-06,38.6
"Long Beach-Route 710 Near Road",2021-11-07,34.2
"Long Beach-Route 710 Near Road",2021-11-08,11.2
"Long Beach-Route 710 Near Road",2021-11-09,10.7
"Long Beach-Route 710 Near Road",2021-11-10,17.6
"Long Beach-Route 710 Near Road",2021-11-11,16.5
"Long Beach-Route 710 Near Road",2021-11-13,12.6
"Long Beach-Route 710 Near Road",2021-11-14,22.2
"Long Beach-Route 710 Near Road",2021-11-15,20.5
"Long Beach-Route 710 Near Road",2021-11-16,25.9
"Long Beach-Route 710 Near Road",2021-11-17,19.8
"Long Beach-Route 710 Near Road",2021-11-18,27.1
"Long Beach-Route 710 Near Road",2021-11-19,30.9
"Long Beach-Route 710 Near Road",2021-11-20,48.4
"Long Beach-Route 710 Near Road",2021-11-21,17.5
"Long Beach-Route 710 Near Road",2021-11-22,8
"Long Beach-Route 710 Near Road",2021-11-23,9.2
"Long Beach-Route 710 Near Road",2021-11-24,12.8
"Long Beach-Route 710 Near Road",2021-11-25,12.5
"Long Beach-Route 710 Near Road",2021-11-26,14.2
"Long Beach-Route 710 Near Road",2021-11-27,18.6
"Long Beach-Route 710 Near Road",2021-11-28,20.1
"Long Beach-Route 710 Near Road",2021-11-29,24.1
"Long Beach-Route 710 Near Road",2021-11-30,33
"Long Beach-Route 710 Near Road",2021-12-01,42.9
"Long Beach-Route 710 Near Road",2021-12-02,36.5
"Long Beach-Route 710 Near Road",2021-12-04,28.9
"Long Beach-Route 710 Near Road",2021-12-05,34.8
"Long Beach-Route 710 Near Road",2021-12-06,38
"Long Beach-Route 710 Near Road",2021-12-07,21.4
"Long Beach-Route 710 Near Road",2021-12-08,23.8
"Long Beach-Route 710 Near Road",2021-12-09,5.8
"Long Beach-Route 710 Near Road",2021-12-11,15.1
"Long Beach-Route 710 Near Road",2021-12-12,24.6
"Long Beach-Route 710 Near Road",2021-12-13,15.9
"Long Beach-Route 710 Near Road",2021-12-14,4.4
"Long Beach-Route 710 Near Road",2021-12-15,14.7
"Long Beach-Route 710 Near Road",2021-12-16,17.1
"Long Beach-Route 710 Near Road",2021-12-17,18.2
"Long Beach-Route 710 Near Road",2021-12-18,17.2
"Long Beach-Route 710 Near Road",2021-12-19,28.2
"Long Beach-Route 710 Near Road",2021-12-20,40.8
"Long Beach-Route 710 Near Road",2021-12-21,29.9
"Long Beach-Route 710 Near Road",2021-12-22,29.5
"Long Beach-Route 710 Near Road",2021-12-23,12.8
"Long Beach-Route 710 Near Road",2021-12-24,10.7
"Long Beach-Route 710 Near Road",2021-12-25,9.6
"Long Beach-Route 710 Near Road",2021-12-26,4.5
"Long Beach-Route 710 Near Road",2021-12-27,8
"Long Beach-Route 710 Near Road",2021-12-28,8
"Long Beach-Route 710 Near Road",2021-12-29,5.9
"Long Beach-Route 710 Near Road",2021-12-30,4.5
"Long Beach-Route 710 Near Road",2021-12-31,16.5
